{"count":1,"gauges":{},"self":48.859859199999995,"total":58.622374,"children":{"AgentResetIfDone":{"count":2913,"self":0.0970803,"total":0.0970803,"children":null},"AgentSendState":{"count":2913,"self":0.1982565,"total":0.2853466,"children":{"CollectObservations":{"count":5832,"self":0.08709009999999999,"total":0.08709009999999999,"children":null}}},"DecideAction":{"count":2913,"self":8.3237832,"total":9.0296820999999987,"children":{"RayPerceptionSensor.Perceive":{"count":5832,"self":0.7058992,"total":0.7058992,"children":null}}},"AcademyStep":{"count":2913,"self":0.014002899999999999,"total":0.014002899999999999,"children":null},"AgentAct":{"count":2913,"self":0.3343808,"total":0.3343808,"children":null}}}